path,title,cluster,score,words,internal_links,incoming,issues
"/about-us.html","About Us | Florida Cash House Buyers","trust","93","890","37","735","Meta description length"
"/alachua-county-commercial-properties.html","We Buy Commercial Property in Alachua County, FL | Multi-Family and More","situation","86","1426","47","27","Title length; Meta description length"
"/alachua-county-divorce.html","Sell Fast in Alachua County During Divorce","situation","100","1205","46","20",""
"/alachua-county-foreclosure.html","Sell Fast in Alachua County Before Foreclosure","situation","100","1230","46","21",""
"/alachua-county-inherited-property.html","Sell Inherited House Fast in Alachua County","situation","100","1218","46","21",""
"/alachua-county-probate.html","Sell Probate House Fast in Alachua County","situation","100","1203","46","20",""
"/alachua-county-rental.html","Sell Rental Fast in Alachua County | Landlord Exit","situation","100","1224","46","21",""
"/alachua-county-repairs.html","Sell Fast in Alachua County With Major Repairs | As-Is","situation","100","1248","46","21",""
"/alachua-county-urgent-sale.html","Sell Fast in Alachua County on a Tight Timeline","situation","100","1227","46","20",""
"/alachua-county-vacant-home.html","Sell Vacant House Fast in Alachua County","situation","100","1217","46","20",""
"/alachua-county.html","Sell My Home Fast in Alachua County, FL | As-Is Sale Options","location hub","100","2114","63","44",""
"/baker-county-commercial-properties.html","We Buy Commercial Property in Baker County, FL | Multi-Family and More","situation","86","1370","45","20","Title length; Meta description length"
"/baker-county-divorce.html","Sell Fast in Baker County During Divorce","situation","100","1156","44","20",""
"/baker-county-foreclosure.html","Sell Fast in Baker County Before Foreclosure","situation","100","1181","44","20",""
"/baker-county-inherited-property.html","Sell Inherited House Fast in Baker County","situation","100","1169","44","20",""
"/baker-county-probate.html","Sell Probate House Fast in Baker County","situation","100","1154","44","20",""
"/baker-county-rental.html","Sell Rental Fast in Baker County | Landlord Exit","situation","100","1171","44","20",""
"/baker-county-repairs.html","Sell Fast in Baker County With Major Repairs | As-Is","situation","100","1197","44","20",""
"/baker-county-urgent-sale.html","Sell Fast in Baker County on a Tight Timeline","situation","100","1178","44","20",""
"/baker-county-vacant-home.html","Sell Vacant House Fast in Baker County","situation","100","1166","44","20",""
"/baker-county.html","Sell My Home Fast in Baker County, FL | As-Is Sale Options","location hub","100","2048","61","37",""
"/bay-county-commercial-properties.html","We Buy Commercial Property in Bay County, FL | Multi-Family and More","situation","93","1370","45","17","Meta description length"
"/bay-county-divorce.html","Sell Fast in Bay County During Divorce","situation","100","1159","44","17",""
"/bay-county-foreclosure.html","Sell Fast in Bay County Before Foreclosure","situation","100","1184","44","17",""
"/bay-county-inherited-property.html","Sell Inherited House Fast in Bay County","situation","100","1172","44","17",""
"/bay-county-probate.html","Sell Probate House Fast in Bay County","situation","100","1157","44","17",""
"/bay-county-rental.html","Sell Rental Fast in Bay County | Landlord Exit","situation","100","1174","44","17",""
"/bay-county-repairs.html","Sell Fast in Bay County With Major Repairs | As-Is","situation","100","1200","44","17",""
"/bay-county-urgent-sale.html","Sell Fast in Bay County on a Tight Timeline","situation","100","1181","44","17",""
"/bay-county-vacant-home.html","Sell Vacant House Fast in Bay County","situation","100","1169","44","17",""
"/bay-county.html","Sell My Home Fast in Bay County, FL | As-Is Sale Options","location hub","100","2043","61","34",""
"/blog.html","Samuel's Florida Home Selling Blog | Florida Cash House Buyers","guide","93","361","28","1470","Meta description length"
"/bradford-county-commercial-properties.html","We Buy Commercial Property in Bradford County, FL | Multi-Family and More","situation","86","1370","45","20","Title length; Meta description length"
"/bradford-county-divorce.html","Sell Fast in Bradford County During Divorce","situation","100","1156","44","20",""
"/bradford-county-foreclosure.html","Sell Fast in Bradford County Before Foreclosure","situation","100","1181","44","20",""
"/bradford-county-inherited-property.html","Sell Inherited House Fast in Bradford County","situation","100","1169","44","20",""
"/bradford-county-probate.html","Sell Probate House Fast in Bradford County","situation","100","1154","44","20",""
"/bradford-county-rental.html","Sell Rental Fast in Bradford County | Landlord Exit","situation","100","1171","44","20",""
"/bradford-county-repairs.html","Sell Fast in Bradford County With Major Repairs | As-Is","situation","100","1197","44","20",""
"/bradford-county-urgent-sale.html","Sell Fast in Bradford County on a Tight Timeline","situation","100","1178","44","20",""
"/bradford-county-vacant-home.html","Sell Vacant House Fast in Bradford County","situation","100","1166","44","20",""
"/bradford-county.html","Sell My Home Fast in Bradford County, FL | As-Is Sale Options","location hub","100","2048","61","37",""
"/brevard-county-commercial-properties.html","We Buy Commercial Property in Brevard County, FL | Multi-Family and More","situation","86","1426","47","17","Title length; Meta description length"
"/brevard-county-divorce.html","Sell Fast in Brevard County During Divorce","situation","100","1226","46","13",""
"/brevard-county-foreclosure.html","Sell Fast in Brevard County Before Foreclosure","situation","100","1251","46","14",""
"/brevard-county-inherited-property.html","Sell Inherited House Fast in Brevard County","situation","100","1239","46","15",""
"/brevard-county-probate.html","Sell Probate House Fast in Brevard County","situation","100","1224","46","13",""
"/brevard-county-rental.html","Sell Rental Fast in Brevard County | Landlord Exit","situation","100","1245","46","14",""
"/brevard-county-repairs.html","Sell Fast in Brevard County With Major Repairs | As-Is","situation","100","1269","46","15",""
"/brevard-county-urgent-sale.html","Sell Fast in Brevard County on a Tight Timeline","situation","100","1248","46","14",""
"/brevard-county-vacant-home.html","Sell Vacant House Fast in Brevard County","situation","100","1238","46","14",""
"/brevard-county.html","Sell My Home Fast in Brevard County, FL | As-Is Sale Options","location hub","100","2152","63","34",""
"/broward-county-commercial-properties.html","We Buy Commercial Property in Broward County, FL | Multi-Family and More","situation","86","1426","47","19","Title length; Meta description length"
"/broward-county-divorce.html","Sell Fast in Broward County During Divorce","situation","100","1211","46","12",""
"/broward-county-foreclosure.html","Sell Fast in Broward County Before Foreclosure","situation","100","1236","46","14",""
"/broward-county-inherited-property.html","Sell Inherited House Fast in Broward County","situation","100","1224","46","13",""
"/broward-county-probate.html","Sell Probate House Fast in Broward County","situation","100","1209","46","12",""
"/broward-county-rental.html","Sell Rental Fast in Broward County | Landlord Exit","situation","100","1230","46","13",""
"/broward-county-repairs.html","Sell Fast in Broward County With Major Repairs | As-Is","situation","100","1254","46","13",""
"/broward-county-urgent-sale.html","Sell Fast in Broward County on a Tight Timeline","situation","100","1233","46","12",""
"/broward-county-vacant-home.html","Sell Vacant House Fast in Broward County","situation","100","1223","46","12",""
"/broward-county.html","Sell My Home Fast in Broward County, FL | As-Is Sale Options","location hub","100","2134","63","37",""
"/calhoun-county-commercial-properties.html","We Buy Commercial Property in Calhoun County, FL | Multi-Family and More","situation","86","1370","45","17","Title length; Meta description length"
"/calhoun-county-divorce.html","Sell Fast in Calhoun County During Divorce","situation","100","1159","44","17",""
"/calhoun-county-foreclosure.html","Sell Fast in Calhoun County Before Foreclosure","situation","100","1184","44","17",""
"/calhoun-county-inherited-property.html","Sell Inherited House Fast in Calhoun County","situation","100","1172","44","17",""
"/calhoun-county-probate.html","Sell Probate House Fast in Calhoun County","situation","100","1157","44","17",""
"/calhoun-county-rental.html","Sell Rental Fast in Calhoun County | Landlord Exit","situation","100","1174","44","17",""
"/calhoun-county-repairs.html","Sell Fast in Calhoun County With Major Repairs | As-Is","situation","100","1200","44","17",""
"/calhoun-county-urgent-sale.html","Sell Fast in Calhoun County on a Tight Timeline","situation","100","1181","44","17",""
"/calhoun-county-vacant-home.html","Sell Vacant House Fast in Calhoun County","situation","100","1169","44","17",""
"/calhoun-county.html","Sell My Home Fast in Calhoun County, FL | As-Is Sale Options","location hub","100","2043","61","34",""
"/cape-coral-commercial-properties.html","We Buy Commercial Property in Cape Coral, FL | Multi-Family and More","location","93","1311","47","5","Meta description length"
"/cape-coral.html","Sell My House Fast in Cape Coral, FL | Cash Buyer Guide","location","100","1867","53","769",""
"/central-florida.html","Sell My House Fast in Central Florida | Cash Buyer Guide","location hub","100","1311","63","1601",""
"/charlotte-county-commercial-properties.html","We Buy Commercial Property in Charlotte County, FL | Multi-Family and More","situation","86","1370","45","14","Title length; Meta description length"
"/charlotte-county-divorce.html","Sell Fast in Charlotte County During Divorce","situation","100","1203","46","10",""
"/charlotte-county-foreclosure.html","Sell Fast in Charlotte County Before Foreclosure","situation","100","1228","46","10",""
"/charlotte-county-inherited-property.html","Sell Inherited House Fast in Charlotte County","situation","100","1216","46","10",""
"/charlotte-county-probate.html","Sell Probate House Fast in Charlotte County","situation","100","1201","46","10",""
"/charlotte-county-rental.html","Sell Rental Fast in Charlotte County | Landlord Exit","situation","100","1222","46","10",""
"/charlotte-county-repairs.html","Sell Fast in Charlotte County With Major Repairs | As-Is","situation","100","1246","46","10",""
"/charlotte-county-urgent-sale.html","Sell Fast in Charlotte County on a Tight Timeline","situation","100","1225","46","10",""
"/charlotte-county-vacant-home.html","Sell Vacant House Fast in Charlotte County","situation","100","1215","46","10",""
"/charlotte-county.html","Sell My Home Fast in Charlotte County, FL | As-Is Sale Options","location hub","100","2132","63","28",""
"/citrus-county-commercial-properties.html","We Buy Commercial Property in Citrus County, FL | Multi-Family and More","situation","86","1370","45","13","Title length; Meta description length"
"/citrus-county-divorce.html","Sell Fast in Citrus County During Divorce","situation","100","1202","45","13",""
"/citrus-county-foreclosure.html","Sell Fast in Citrus County Before Foreclosure","situation","100","1227","45","13",""
"/citrus-county-inherited-property.html","Sell Inherited House Fast in Citrus County","situation","100","1215","45","13",""
"/citrus-county-probate.html","Sell Probate House Fast in Citrus County","situation","100","1200","45","13",""
"/citrus-county-rental.html","Sell Rental Fast in Citrus County | Landlord Exit","situation","100","1219","45","13",""
"/citrus-county-repairs.html","Sell Fast in Citrus County With Major Repairs | As-Is","situation","100","1244","45","13",""
"/citrus-county-urgent-sale.html","Sell Fast in Citrus County on a Tight Timeline","situation","100","1224","45","13",""
"/citrus-county-vacant-home.html","Sell Vacant House Fast in Citrus County","situation","100","1213","45","13",""
"/citrus-county.html","Sell My Home Fast in Citrus County, FL | As-Is Sale Options","location hub","100","2128","62","30",""
"/clay-county-commercial-properties.html","We Buy Commercial Property in Clay County, FL | Multi-Family and More","situation","86","1370","45","20","Title length; Meta description length"
"/clay-county-divorce.html","Sell Fast in Clay County During Divorce","situation","100","1181","45","20",""
"/clay-county-foreclosure.html","Sell Fast in Clay County Before Foreclosure","situation","100","1206","45","20",""
"/clay-county-inherited-property.html","Sell Inherited House Fast in Clay County","situation","100","1194","45","20",""
"/clay-county-probate.html","Sell Probate House Fast in Clay County","situation","100","1179","45","20",""
"/clay-county-rental.html","Sell Rental Fast in Clay County | Landlord Exit","situation","100","1198","45","20",""
"/clay-county-repairs.html","Sell Fast in Clay County With Major Repairs | As-Is","situation","100","1223","45","20",""
"/clay-county-urgent-sale.html","Sell Fast in Clay County on a Tight Timeline","situation","100","1203","45","20",""
"/clay-county-vacant-home.html","Sell Vacant House Fast in Clay County","situation","100","1192","45","20",""
"/clay-county.html","Sell My Home Fast in Clay County, FL | As-Is Sale Options","location hub","100","2090","62","37",""
"/collier-county-commercial-properties.html","We Buy Commercial Property in Collier County, FL | Multi-Family and More","situation","86","1367","45","12","Title length; Meta description length"
"/collier-county-divorce.html","Sell Fast in Collier County During Divorce","situation","100","1186","45","12",""
"/collier-county-foreclosure.html","Sell Fast in Collier County Before Foreclosure","situation","100","1211","45","12",""
"/collier-county-inherited-property.html","Sell Inherited House Fast in Collier County","situation","100","1199","45","12",""
"/collier-county-probate.html","Sell Probate House Fast in Collier County","situation","100","1184","45","12",""
"/collier-county-rental.html","Sell Rental Fast in Collier County | Landlord Exit","situation","100","1203","45","12",""
"/collier-county-repairs.html","Sell Fast in Collier County With Major Repairs | As-Is","situation","100","1228","45","12",""
"/collier-county-urgent-sale.html","Sell Fast in Collier County on a Tight Timeline","situation","100","1208","45","12",""
"/collier-county-vacant-home.html","Sell Vacant House Fast in Collier County","situation","100","1197","45","12",""
"/collier-county.html","Sell My Home Fast in Collier County, FL | As-Is Sale Options","location hub","100","2108","62","30",""
"/columbia-county-commercial-properties.html","We Buy Commercial Property in Columbia County, FL | Multi-Family and More","situation","86","1370","45","20","Title length; Meta description length"
"/columbia-county-divorce.html","Sell Fast in Columbia County During Divorce","situation","100","1156","44","6",""
"/columbia-county-foreclosure.html","Sell Fast in Columbia County Before Foreclosure","situation","100","1181","44","6",""
"/columbia-county-inherited-property.html","Sell Inherited House Fast in Columbia County","situation","100","1169","44","6",""
"/columbia-county-probate.html","Sell Probate House Fast in Columbia County","situation","100","1154","44","6",""
"/columbia-county-rental.html","Sell Rental Fast in Columbia County | Landlord Exit","situation","100","1171","44","6",""
"/columbia-county-repairs.html","Sell Fast in Columbia County With Major Repairs | As-Is","situation","100","1197","44","6",""
"/columbia-county-urgent-sale.html","Sell Fast in Columbia County on a Tight Timeline","situation","100","1178","44","6",""
"/columbia-county-vacant-home.html","Sell Vacant House Fast in Columbia County","situation","100","1166","44","6",""
"/columbia-county.html","Sell My Home Fast in Columbia County, FL | As-Is Sale Options","location hub","100","2048","61","37",""
"/counties.html","Florida County Directory | Sell Houses Fast by County","location hub","100","1744","108","2304",""
"/create-your-offer.html","Florida Home Value & Cash Offer Range | Florida Cash House Buyers","location","93","647","33","2204","Meta description length"
"/daytona-beach-commercial-properties.html","We Buy Commercial Property in Daytona Beach, FL | Multi-Family and More","location","86","1311","47","5","Title length; Meta description length"
"/daytona-beach.html","Sell My House Fast in Daytona Beach, FL | Cash Buyer","location","100","1877","53","13",""
"/deltona-commercial-properties.html","We Buy Commercial Property in Deltona, FL | Multi-Family and More","location","93","1302","48","5","Meta description length"
"/deltona.html","Sell My House Fast in Deltona, FL | Cash Buyer","location","100","1867","54","13",""
"/desoto-county-commercial-properties.html","We Buy Commercial Property in DeSoto County, FL | Multi-Family and More","situation","86","1370","45","10","Title length; Meta description length"
"/desoto-county-divorce.html","Sell Fast in DeSoto County During Divorce","situation","100","1153","44","10",""
"/desoto-county-foreclosure.html","Sell Fast in DeSoto County Before Foreclosure","situation","100","1178","44","10",""
"/desoto-county-inherited-property.html","Sell Inherited House Fast in DeSoto County","situation","100","1166","44","10",""
"/desoto-county-probate.html","Sell Probate House Fast in DeSoto County","situation","100","1151","44","10",""
"/desoto-county-rental.html","Sell Rental Fast in DeSoto County | Landlord Exit","situation","100","1168","44","10",""
"/desoto-county-repairs.html","Sell Fast in DeSoto County With Major Repairs | As-Is","situation","100","1194","44","10",""
"/desoto-county-urgent-sale.html","Sell Fast in DeSoto County on a Tight Timeline","situation","100","1175","44","10",""
"/desoto-county-vacant-home.html","Sell Vacant House Fast in DeSoto County","situation","100","1163","44","10",""
"/desoto-county.html","Sell My Home Fast in DeSoto County, FL | As-Is Sale Options","location hub","100","2064","61","26",""
"/divorce-transition-counties.html","Divorce Transition by County | Florida Seller Pages","location hub","100","2087","110","70",""
"/divorce-transition-story.html","Divorce Sale Seller Story Template | Florida Cash House Buyers","story","100","545","32","1",""
"/divorce-transition.html","Sell a Florida House During Divorce | Private Cash Sale Guide","situation","100","637","32","142",""
"/dixie-county-commercial-properties.html","We Buy Commercial Property in Dixie County, FL | Multi-Family and More","situation","86","1370","45","20","Title length; Meta description length"
"/dixie-county-divorce.html","Sell Fast in Dixie County During Divorce","situation","100","1156","44","2",""
"/dixie-county-foreclosure.html","Sell Fast in Dixie County Before Foreclosure","situation","100","1181","44","2",""
"/dixie-county-inherited-property.html","Sell Inherited House Fast in Dixie County","situation","100","1169","44","2",""
"/dixie-county-probate.html","Sell Probate House Fast in Dixie County","situation","100","1154","44","2",""
"/dixie-county-rental.html","Sell Rental Fast in Dixie County | Landlord Exit","situation","100","1171","44","2",""
"/dixie-county-repairs.html","Sell Fast in Dixie County With Major Repairs | As-Is","situation","100","1197","44","2",""
"/dixie-county-urgent-sale.html","Sell Fast in Dixie County on a Tight Timeline","situation","100","1178","44","2",""
"/dixie-county-vacant-home.html","Sell Vacant House Fast in Dixie County","situation","100","1166","44","2",""
"/dixie-county.html","Sell My Home Fast in Dixie County, FL | As-Is Sale Options","location hub","100","2048","61","37",""
"/duval-county-commercial-properties.html","We Buy Commercial Property in Duval County, FL | Multi-Family and More","situation","86","1426","47","15","Title length; Meta description length"
"/duval-county-divorce.html","Sell Fast in Duval County During Divorce","situation","100","1180","45","3",""
"/duval-county-foreclosure.html","Sell Fast in Duval County Before Foreclosure","situation","100","1205","45","5",""
"/duval-county-inherited-property.html","Sell Inherited House Fast in Duval County","situation","100","1193","45","4",""
"/duval-county-probate.html","Sell Probate House Fast in Duval County","situation","100","1178","45","3",""
"/duval-county-rental.html","Sell Rental Fast in Duval County | Landlord Exit","situation","100","1197","45","4",""
"/duval-county-repairs.html","Sell Fast in Duval County With Major Repairs | As-Is","situation","100","1222","45","5",""
"/duval-county-urgent-sale.html","Sell Fast in Duval County on a Tight Timeline","situation","100","1202","45","4",""
"/duval-county-vacant-home.html","Sell Vacant House Fast in Duval County","situation","100","1191","45","3",""
"/duval-county.html","Sell My Home Fast in Duval County, FL | As-Is Sale Options","location hub","100","2088","62","32",""
"/escambia-county-commercial-properties.html","We Buy Commercial Property in Escambia County, FL | Multi-Family and More","situation","86","1426","47","24","Title length; Meta description length"
"/escambia-county-divorce.html","Sell Fast in Escambia County During Divorce","situation","100","1208","46","17",""
"/escambia-county-foreclosure.html","Sell Fast in Escambia County Before Foreclosure","situation","100","1233","46","18",""
"/escambia-county-inherited-property.html","Sell Inherited House Fast in Escambia County","situation","100","1221","46","18",""
"/escambia-county-probate.html","Sell Probate House Fast in Escambia County","situation","100","1206","46","17",""
"/escambia-county-rental.html","Sell Rental Fast in Escambia County | Landlord Exit","situation","100","1227","46","18",""
"/escambia-county-repairs.html","Sell Fast in Escambia County With Major Repairs | As-Is","situation","100","1251","46","18",""
"/escambia-county-urgent-sale.html","Sell Fast in Escambia County on a Tight Timeline","situation","100","1230","46","17",""
"/escambia-county-vacant-home.html","Sell Vacant House Fast in Escambia County","situation","100","1220","46","17",""
"/escambia-county.html","Sell My Home Fast in Escambia County, FL | As-Is Sale Options","location hub","100","2109","63","41",""
"/flagler-county-commercial-properties.html","We Buy Commercial Property in Flagler County, FL | Multi-Family and More","situation","86","1370","45","2","Title length; Meta description length"
"/flagler-county-divorce.html","Sell Fast in Flagler County During Divorce","situation","100","1181","45","2",""
"/flagler-county-foreclosure.html","Sell Fast in Flagler County Before Foreclosure","situation","100","1206","45","2",""
"/flagler-county-inherited-property.html","Sell Inherited House Fast in Flagler County","situation","100","1194","45","2",""
"/flagler-county-probate.html","Sell Probate House Fast in Flagler County","situation","100","1179","45","2",""
"/flagler-county-rental.html","Sell Rental Fast in Flagler County | Landlord Exit","situation","100","1198","45","2",""
"/flagler-county-repairs.html","Sell Fast in Flagler County With Major Repairs | As-Is","situation","100","1223","45","2",""
"/flagler-county-urgent-sale.html","Sell Fast in Flagler County on a Tight Timeline","situation","100","1203","45","2",""
"/flagler-county-vacant-home.html","Sell Vacant House Fast in Flagler County","situation","100","1192","45","2",""
"/flagler-county.html","Sell My Home Fast in Flagler County, FL | As-Is Sale Options","location hub","100","2090","62","19",""
"/foreclosure-pressure-counties.html","Foreclosure Pressure by County | Florida Seller Pages","location hub","100","2084","110","70",""
"/foreclosure-pressure-story.html","Foreclosure Seller Story Template | Florida Cash House Buyers","story","100","534","32","2",""
"/foreclosure-pressure.html","How to Stop Foreclosure in Florida | Save Equity","situation","100","1151","32","142",""
"/fort-lauderdale-commercial-properties.html","We Buy Commercial Property in Fort Lauderdale, FL | Multi-Family and More","location","86","1313","47","5","Title length; Meta description length"
"/fort-lauderdale.html","Sell My House Fast in Fort Lauderdale, FL | Cash Buyer","location","100","1876","53","13",""
"/franklin-county-commercial-properties.html","We Buy Commercial Property in Franklin County, FL | Multi-Family and More","situation","86","1370","45","17","Title length; Meta description length"
"/franklin-county-divorce.html","Sell Fast in Franklin County During Divorce","situation","100","1159","44","17",""
"/franklin-county-foreclosure.html","Sell Fast in Franklin County Before Foreclosure","situation","100","1184","44","17",""
"/franklin-county-inherited-property.html","Sell Inherited House Fast in Franklin County","situation","100","1172","44","17",""
"/franklin-county-probate.html","Sell Probate House Fast in Franklin County","situation","100","1157","44","17",""
"/franklin-county-rental.html","Sell Rental Fast in Franklin County | Landlord Exit","situation","100","1174","44","17",""
"/franklin-county-repairs.html","Sell Fast in Franklin County With Major Repairs | As-Is","situation","100","1200","44","17",""
"/franklin-county-urgent-sale.html","Sell Fast in Franklin County on a Tight Timeline","situation","100","1181","44","17",""
"/franklin-county-vacant-home.html","Sell Vacant House Fast in Franklin County","situation","100","1169","44","17",""
"/franklin-county.html","Sell My Home Fast in Franklin County, FL | As-Is Sale Options","location hub","100","2043","61","34",""
"/gadsden-county-commercial-properties.html","We Buy Commercial Property in Gadsden County, FL | Multi-Family and More","situation","86","1370","45","17","Title length; Meta description length"
"/gadsden-county-divorce.html","Sell Fast in Gadsden County During Divorce","situation","100","1159","44","6",""
"/gadsden-county-foreclosure.html","Sell Fast in Gadsden County Before Foreclosure","situation","100","1184","44","6",""
"/gadsden-county-inherited-property.html","Sell Inherited House Fast in Gadsden County","situation","100","1172","44","6",""
"/gadsden-county-probate.html","Sell Probate House Fast in Gadsden County","situation","100","1157","44","6",""
"/gadsden-county-rental.html","Sell Rental Fast in Gadsden County | Landlord Exit","situation","100","1174","44","6",""
"/gadsden-county-repairs.html","Sell Fast in Gadsden County With Major Repairs | As-Is","situation","100","1200","44","6",""
"/gadsden-county-urgent-sale.html","Sell Fast in Gadsden County on a Tight Timeline","situation","100","1181","44","6",""
"/gadsden-county-vacant-home.html","Sell Vacant House Fast in Gadsden County","situation","100","1169","44","6",""
"/gadsden-county.html","Sell My Home Fast in Gadsden County, FL | As-Is Sale Options","location hub","100","2043","61","34",""
"/gainesville-commercial-properties.html","We Buy Commercial Property in Gainesville, FL | Multi-Family and More","location","86","1278","47","5","Title length; Meta description length"
"/gainesville.html","Sell My House Fast in Gainesville, FL | Cash Buyer","location","100","1820","53","13",""
"/gilchrist-county-commercial-properties.html","We Buy Commercial Property in Gilchrist County, FL | Multi-Family and More","situation","86","1370","45","2","Title length; Meta description length"
"/gilchrist-county-divorce.html","Sell Fast in Gilchrist County During Divorce","situation","100","1156","44","2",""
"/gilchrist-county-foreclosure.html","Sell Fast in Gilchrist County Before Foreclosure","situation","100","1181","44","2",""
"/gilchrist-county-inherited-property.html","Sell Inherited House Fast in Gilchrist County","situation","100","1169","44","2",""
"/gilchrist-county-probate.html","Sell Probate House Fast in Gilchrist County","situation","100","1154","44","2",""
"/gilchrist-county-rental.html","Sell Rental Fast in Gilchrist County | Landlord Exit","situation","100","1171","44","2",""
"/gilchrist-county-repairs.html","Sell Fast in Gilchrist County With Major Repairs | As-Is","situation","100","1197","44","2",""
"/gilchrist-county-urgent-sale.html","Sell Fast in Gilchrist County on a Tight Timeline","situation","100","1178","44","2",""
"/gilchrist-county-vacant-home.html","Sell Vacant House Fast in Gilchrist County","situation","100","1166","44","2",""
"/gilchrist-county.html","Sell My Home Fast in Gilchrist County, FL | As-Is Sale Options","location hub","100","2048","61","19",""
"/glades-county-commercial-properties.html","We Buy Commercial Property in Glades County, FL | Multi-Family and More","situation","86","1367","45","12","Title length; Meta description length"
"/glades-county-divorce.html","Sell Fast in Glades County During Divorce","situation","100","1161","44","12",""
"/glades-county-foreclosure.html","Sell Fast in Glades County Before Foreclosure","situation","100","1186","44","12",""
"/glades-county-inherited-property.html","Sell Inherited House Fast in Glades County","situation","100","1174","44","12",""
"/glades-county-probate.html","Sell Probate House Fast in Glades County","situation","100","1159","44","12",""
"/glades-county-rental.html","Sell Rental Fast in Glades County | Landlord Exit","situation","100","1176","44","12",""
"/glades-county-repairs.html","Sell Fast in Glades County With Major Repairs | As-Is","situation","100","1202","44","12",""
"/glades-county-urgent-sale.html","Sell Fast in Glades County on a Tight Timeline","situation","100","1183","44","12",""
"/glades-county-vacant-home.html","Sell Vacant House Fast in Glades County","situation","100","1171","44","12",""
"/glades-county.html","Sell My Home Fast in Glades County, FL | As-Is Sale Options","location hub","100","2066","61","29",""
"/googlea935c44ef8292626.html","googlea935c44ef8292626.html","location","50","2","0","0","Missing title; Missing meta description; Missing canonical; 0 H1 elements; Content depth; Weak internal linking"
"/gulf-coast.html","Sell My House Fast on Florida's Gulf Coast | Cash Buyer Guide","location hub","100","1223","58","781",""
"/gulf-county-commercial-properties.html","We Buy Commercial Property in Gulf County, FL | Multi-Family and More","situation","86","1370","45","17","Title length; Meta description length"
"/gulf-county-divorce.html","Sell Fast in Gulf County During Divorce","situation","100","1159","44","2",""
"/gulf-county-foreclosure.html","Sell Fast in Gulf County Before Foreclosure","situation","100","1184","44","2",""
"/gulf-county-inherited-property.html","Sell Inherited House Fast in Gulf County","situation","100","1172","44","2",""
"/gulf-county-probate.html","Sell Probate House Fast in Gulf County","situation","100","1157","44","2",""
"/gulf-county-rental.html","Sell Rental Fast in Gulf County | Landlord Exit","situation","100","1174","44","2",""
"/gulf-county-repairs.html","Sell Fast in Gulf County With Major Repairs | As-Is","situation","100","1200","44","2",""
"/gulf-county-urgent-sale.html","Sell Fast in Gulf County on a Tight Timeline","situation","100","1181","44","2",""
"/gulf-county-vacant-home.html","Sell Vacant House Fast in Gulf County","situation","100","1169","44","2",""
"/gulf-county.html","Sell My Home Fast in Gulf County, FL | As-Is Sale Options","location hub","100","2043","61","34",""
"/hamilton-county-commercial-properties.html","We Buy Commercial Property in Hamilton County, FL | Multi-Family and More","situation","86","1370","45","2","Title length; Meta description length"
"/hamilton-county-divorce.html","Sell Fast in Hamilton County During Divorce","situation","100","1156","44","2",""
"/hamilton-county-foreclosure.html","Sell Fast in Hamilton County Before Foreclosure","situation","100","1181","44","2",""
"/hamilton-county-inherited-property.html","Sell Inherited House Fast in Hamilton County","situation","100","1169","44","2",""
"/hamilton-county-probate.html","Sell Probate House Fast in Hamilton County","situation","100","1154","44","2",""
"/hamilton-county-rental.html","Sell Rental Fast in Hamilton County | Landlord Exit","situation","100","1171","44","2",""
"/hamilton-county-repairs.html","Sell Fast in Hamilton County With Major Repairs | As-Is","situation","100","1197","44","2",""
"/hamilton-county-urgent-sale.html","Sell Fast in Hamilton County on a Tight Timeline","situation","100","1178","44","2",""
"/hamilton-county-vacant-home.html","Sell Vacant House Fast in Hamilton County","situation","100","1166","44","2",""
"/hamilton-county.html","Sell My Home Fast in Hamilton County, FL | As-Is Sale Options","location hub","100","2048","61","19",""
"/hardee-county-commercial-properties.html","We Buy Commercial Property in Hardee County, FL | Multi-Family and More","situation","86","1370","45","10","Title length; Meta description length"
"/hardee-county-divorce.html","Sell Fast in Hardee County During Divorce","situation","100","1153","44","10",""
"/hardee-county-foreclosure.html","Sell Fast in Hardee County Before Foreclosure","situation","100","1178","44","10",""
"/hardee-county-inherited-property.html","Sell Inherited House Fast in Hardee County","situation","100","1166","44","10",""
"/hardee-county-probate.html","Sell Probate House Fast in Hardee County","situation","100","1151","44","10",""
"/hardee-county-rental.html","Sell Rental Fast in Hardee County | Landlord Exit","situation","100","1168","44","10",""
"/hardee-county-repairs.html","Sell Fast in Hardee County With Major Repairs | As-Is","situation","100","1194","44","10",""
"/hardee-county-urgent-sale.html","Sell Fast in Hardee County on a Tight Timeline","situation","100","1175","44","10",""
"/hardee-county-vacant-home.html","Sell Vacant House Fast in Hardee County","situation","100","1163","44","10",""
"/hardee-county.html","Sell My Home Fast in Hardee County, FL | As-Is Sale Options","location hub","100","2064","61","26",""
"/hendry-county-commercial-properties.html","We Buy Commercial Property in Hendry County, FL | Multi-Family and More","situation","86","1367","45","12","Title length; Meta description length"
"/hendry-county-divorce.html","Sell Fast in Hendry County During Divorce","situation","100","1161","44","12",""
"/hendry-county-foreclosure.html","Sell Fast in Hendry County Before Foreclosure","situation","100","1186","44","12",""
"/hendry-county-inherited-property.html","Sell Inherited House Fast in Hendry County","situation","100","1174","44","12",""
"/hendry-county-probate.html","Sell Probate House Fast in Hendry County","situation","100","1159","44","12",""
"/hendry-county-rental.html","Sell Rental Fast in Hendry County | Landlord Exit","situation","100","1176","44","12",""
"/hendry-county-repairs.html","Sell Fast in Hendry County With Major Repairs | As-Is","situation","100","1202","44","12",""
"/hendry-county-urgent-sale.html","Sell Fast in Hendry County on a Tight Timeline","situation","100","1183","44","12",""
"/hendry-county-vacant-home.html","Sell Vacant House Fast in Hendry County","situation","100","1171","44","12",""
"/hendry-county.html","Sell My Home Fast in Hendry County, FL | As-Is Sale Options","location hub","100","2066","61","29",""
"/hernando-county-commercial-properties.html","We Buy Commercial Property in Hernando County, FL | Multi-Family and More","situation","86","1370","45","13","Title length; Meta description length"
"/hernando-county-divorce.html","Sell Fast in Hernando County During Divorce","situation","100","1202","45","13",""
"/hernando-county-foreclosure.html","Sell Fast in Hernando County Before Foreclosure","situation","100","1227","45","13",""
"/hernando-county-inherited-property.html","Sell Inherited House Fast in Hernando County","situation","100","1215","45","13",""
"/hernando-county-probate.html","Sell Probate House Fast in Hernando County","situation","100","1200","45","13",""
"/hernando-county-rental.html","Sell Rental Fast in Hernando County | Landlord Exit","situation","100","1219","45","13",""
"/hernando-county-repairs.html","Sell Fast in Hernando County With Major Repairs | As-Is","situation","100","1244","45","13",""
"/hernando-county-urgent-sale.html","Sell Fast in Hernando County on a Tight Timeline","situation","100","1224","45","13",""
"/hernando-county-vacant-home.html","Sell Vacant House Fast in Hernando County","situation","100","1213","45","13",""
"/hernando-county.html","Sell My Home Fast in Hernando County, FL | As-Is Sale Options","location hub","100","2128","62","31",""
"/highlands-county-commercial-properties.html","We Buy Commercial Property in Highlands County, FL | Multi-Family and More","situation","86","1370","45","10","Title length; Meta description length"
"/highlands-county-divorce.html","Sell Fast in Highlands County During Divorce","situation","100","1153","44","10",""
"/highlands-county-foreclosure.html","Sell Fast in Highlands County Before Foreclosure","situation","100","1178","44","10",""
"/highlands-county-inherited-property.html","Sell Inherited House Fast in Highlands County","situation","100","1166","44","10",""
"/highlands-county-probate.html","Sell Probate House Fast in Highlands County","situation","100","1151","44","10",""
"/highlands-county-rental.html","Sell Rental Fast in Highlands County | Landlord Exit","situation","100","1168","44","10",""
"/highlands-county-repairs.html","Sell Fast in Highlands County With Major Repairs | As-Is","situation","100","1194","44","10",""
"/highlands-county-urgent-sale.html","Sell Fast in Highlands County on a Tight Timeline","situation","100","1175","44","10",""
"/highlands-county-vacant-home.html","Sell Vacant House Fast in Highlands County","situation","100","1163","44","10",""
"/highlands-county.html","Sell My Home Fast in Highlands County, FL | As-Is Sale Options","location hub","100","2064","61","26",""
"/hillsborough-county-commercial-properties.html","We Buy Commercial Property in Hillsborough County, FL | Multi-Family and More","situation","86","1426","47","17","Title length; Meta description length"
"/hillsborough-county-divorce.html","Sell Fast in Hillsborough County During Divorce","situation","100","1177","45","8",""
"/hillsborough-county-foreclosure.html","Sell Fast in Hillsborough County Before Foreclosure","situation","100","1202","45","9",""
"/hillsborough-county-inherited-property.html","Sell Inherited House Fast in Hillsborough County","situation","100","1190","45","7",""
"/hillsborough-county-probate.html","Sell Probate House Fast in Hillsborough County","situation","100","1175","45","6",""
"/hillsborough-county-rental.html","Sell Rental Fast in Hillsborough County | Landlord Exit","situation","100","1194","45","9",""
"/hillsborough-county-repairs.html","Sell Fast in Hillsborough County With Major Repairs | As-Is","situation","100","1219","45","9",""
"/hillsborough-county-urgent-sale.html","Sell Fast in Hillsborough County on a Tight Timeline","situation","100","1199","45","8",""
"/hillsborough-county-vacant-home.html","Sell Vacant House Fast in Hillsborough County","situation","100","1188","45","6",""
"/hillsborough-county.html","Sell My Home Fast in Hillsborough County, FL | As-Is Sale Options","location hub","100","2104","62","34",""
"/holmes-county-commercial-properties.html","We Buy Commercial Property in Holmes County, FL | Multi-Family and More","situation","86","1370","45","8","Title length; Meta description length"
"/holmes-county-divorce.html","Sell Fast in Holmes County During Divorce","situation","100","1159","44","2",""
"/holmes-county-foreclosure.html","Sell Fast in Holmes County Before Foreclosure","situation","100","1184","44","2",""
"/holmes-county-inherited-property.html","Sell Inherited House Fast in Holmes County","situation","100","1172","44","2",""
"/holmes-county-probate.html","Sell Probate House Fast in Holmes County","situation","100","1157","44","2",""
"/holmes-county-rental.html","Sell Rental Fast in Holmes County | Landlord Exit","situation","100","1174","44","2",""
"/holmes-county-repairs.html","Sell Fast in Holmes County With Major Repairs | As-Is","situation","100","1200","44","2",""
"/holmes-county-urgent-sale.html","Sell Fast in Holmes County on a Tight Timeline","situation","100","1181","44","2",""
"/holmes-county-vacant-home.html","Sell Vacant House Fast in Holmes County","situation","100","1169","44","2",""
"/holmes-county.html","Sell My Home Fast in Holmes County, FL | As-Is Sale Options","location hub","100","2043","61","25",""
"/how-it-works.html","How It Works | Florida Cash House Buyers","guide","100","645","34","1489",""
"/","We Buy Houses in Florida | Fair Cash Offers","core","100","1409","64","1488",""
"/indian-river-county-commercial-properties.html","We Buy Commercial Property in Indian River County, FL | Multi-Family and More","situation","86","1397","45","12","Title length; Meta description length"
"/indian-river-county-divorce.html","Sell Fast in Indian River County During Divorce","situation","100","1185","44","6",""
"/indian-river-county-foreclosure.html","Sell Fast in Indian River County Before Foreclosure","situation","100","1210","44","6",""
"/indian-river-county-inherited-property.html","Sell Inherited House Fast in Indian River County","situation","100","1198","44","6",""
"/indian-river-county-probate.html","Sell Probate House Fast in Indian River County","situation","100","1183","44","6",""
"/indian-river-county-rental.html","Sell Rental Fast in Indian River County | Landlord Exit","situation","100","1200","44","6",""
"/indian-river-county-repairs.html","Sell Fast in Indian River County With Major Repairs | As-Is","situation","100","1226","44","6",""
"/indian-river-county-urgent-sale.html","Sell Fast in Indian River County on a Tight Timeline","situation","100","1207","44","6",""
"/indian-river-county-vacant-home.html","Sell Vacant House Fast in Indian River County","situation","100","1195","44","6",""
"/indian-river-county.html","Sell My Home Fast in Indian River County, FL | As-Is Sale Options","location hub","100","2127","61","29",""
"/inherited-property-counties.html","Inherited Property by County | Florida Seller Pages","location hub","100","2164","110","70",""
"/inherited-property-story.html","Inherited Property Seller Story Template | Florida Cash House Buyers","story","100","550","32","5",""
"/inherited-property.html","Sell an Inherited House in Florida | 2026 Inherited Property Guide","situation","100","971","35","141",""
"/jackson-county-commercial-properties.html","We Buy Commercial Property in Jackson County, FL | Multi-Family and More","situation","86","1370","45","2","Title length; Meta description length"
"/jackson-county-divorce.html","Sell Fast in Jackson County During Divorce","situation","100","1159","44","2",""
"/jackson-county-foreclosure.html","Sell Fast in Jackson County Before Foreclosure","situation","100","1184","44","2",""
"/jackson-county-inherited-property.html","Sell Inherited House Fast in Jackson County","situation","100","1172","44","2",""
"/jackson-county-probate.html","Sell Probate House Fast in Jackson County","situation","100","1157","44","2",""
"/jackson-county-rental.html","Sell Rental Fast in Jackson County | Landlord Exit","situation","100","1174","44","2",""
"/jackson-county-repairs.html","Sell Fast in Jackson County With Major Repairs | As-Is","situation","100","1200","44","2",""
"/jackson-county-urgent-sale.html","Sell Fast in Jackson County on a Tight Timeline","situation","100","1181","44","2",""
"/jackson-county-vacant-home.html","Sell Vacant House Fast in Jackson County","situation","100","1169","44","2",""
"/jackson-county.html","Sell My Home Fast in Jackson County, FL | As-Is Sale Options","location hub","100","2043","61","19",""
"/jacksonville-commercial-properties.html","We Buy Commercial Property in Jacksonville, FL | Multi-Family and More","location","86","1278","47","6","Title length; Meta description length"
"/jacksonville.html","Sell My House Fast in Jacksonville, FL | Cash Buyer Guide","location","100","1823","53","762",""
"/jefferson-county-commercial-properties.html","We Buy Commercial Property in Jefferson County, FL | Multi-Family and More","situation","86","1370","45","2","Title length; Meta description length"
"/jefferson-county-divorce.html","Sell Fast in Jefferson County During Divorce","situation","100","1159","44","2",""
"/jefferson-county-foreclosure.html","Sell Fast in Jefferson County Before Foreclosure","situation","100","1184","44","2",""
"/jefferson-county-inherited-property.html","Sell Inherited House Fast in Jefferson County","situation","100","1172","44","2",""
"/jefferson-county-probate.html","Sell Probate House Fast in Jefferson County","situation","100","1157","44","2",""
"/jefferson-county-rental.html","Sell Rental Fast in Jefferson County | Landlord Exit","situation","100","1174","44","2",""
"/jefferson-county-repairs.html","Sell Fast in Jefferson County With Major Repairs | As-Is","situation","100","1200","44","2",""
"/jefferson-county-urgent-sale.html","Sell Fast in Jefferson County on a Tight Timeline","situation","100","1181","44","2",""
"/jefferson-county-vacant-home.html","Sell Vacant House Fast in Jefferson County","situation","100","1169","44","2",""
"/jefferson-county.html","Sell My Home Fast in Jefferson County, FL | As-Is Sale Options","location hub","100","2043","61","19",""
"/kissimmee-commercial-properties.html","We Buy Commercial Property in Kissimmee, FL | Multi-Family and More","location","93","1278","47","5","Meta description length"
"/kissimmee.html","Sell My House Fast in Kissimmee, FL | Cash Buyer Options","location","100","1826","53","13",""
"/lafayette-county-commercial-properties.html","We Buy Commercial Property in Lafayette County, FL | Multi-Family and More","situation","86","1370","45","2","Title length; Meta description length"
"/lafayette-county-divorce.html","Sell Fast in Lafayette County During Divorce","situation","100","1156","44","2",""
"/lafayette-county-foreclosure.html","Sell Fast in Lafayette County Before Foreclosure","situation","100","1181","44","2",""
"/lafayette-county-inherited-property.html","Sell Inherited House Fast in Lafayette County","situation","100","1169","44","2",""
"/lafayette-county-probate.html","Sell Probate House Fast in Lafayette County","situation","100","1154","44","2",""
"/lafayette-county-rental.html","Sell Rental Fast in Lafayette County | Landlord Exit","situation","100","1171","44","2",""
"/lafayette-county-repairs.html","Sell Fast in Lafayette County With Major Repairs | As-Is","situation","100","1197","44","2",""
"/lafayette-county-urgent-sale.html","Sell Fast in Lafayette County on a Tight Timeline","situation","100","1178","44","2",""
"/lafayette-county-vacant-home.html","Sell Vacant House Fast in Lafayette County","situation","100","1166","44","2",""
"/lafayette-county.html","Sell My Home Fast in Lafayette County, FL | As-Is Sale Options","location hub","100","2048","61","18",""
"/lake-county-commercial-properties.html","We Buy Commercial Property in Lake County, FL | Multi-Family and More","situation","86","1370","45","19","Title length; Meta description length"
"/lake-county-divorce.html","Sell Fast in Lake County During Divorce","situation","100","1202","45","13",""
"/lake-county-foreclosure.html","Sell Before Foreclosure in Lake County, FL | Cash Home Buyer","situation","100","1364","45","13",""
"/lake-county-inherited-property.html","Sell an Inherited House in Lake County, FL | Cash Buyer","situation","100","1352","45","13",""
"/lake-county-probate.html","Sell a Probate House in Lake County, FL | As-Is Cash Offer","situation","93","1347","45","13","Meta description length"
"/lake-county-rental.html","Sell Rental Fast in Lake County | Landlord Exit","situation","100","1219","45","13",""
"/lake-county-repairs.html","Sell Fast in Lake County With Major Repairs | As-Is","situation","100","1244","45","13",""
"/lake-county-urgent-sale.html","Sell Fast in Lake County on a Tight Timeline","situation","100","1224","45","13",""
"/lake-county-vacant-home.html","Sell Vacant House Fast in Lake County","situation","100","1213","45","13",""
"/lake-county.html","We Buy Houses in Lake County, FL | Local Cash Home Buyer","location hub","93","2266","62","32","Meta description length"
"/lakeland-commercial-properties.html","We Buy Commercial Property in Lakeland, FL | Multi-Family and More","location","93","1300","48","4","Meta description length"
"/lakeland.html","Sell My House Fast in Lakeland, FL | Polk County Cash Buyer Guide","location","100","1864","54","11",""
"/lee-county-commercial-properties.html","We Buy Commercial Property in Lee County, FL | Multi-Family and More","situation","93","1429","47","17","Meta description length"
"/lee-county-divorce.html","Sell Fast in Lee County During Divorce","situation","100","1178","45","4",""
"/lee-county-foreclosure.html","Sell Fast in Lee County Before Foreclosure","situation","100","1203","45","4",""
"/lee-county-inherited-property.html","Sell Inherited House Fast in Lee County","situation","100","1191","45","5",""
"/lee-county-probate.html","Sell Probate House Fast in Lee County","situation","100","1176","45","3",""
"/lee-county-rental.html","Sell Rental Fast in Lee County | Landlord Exit","situation","100","1195","45","4",""
"/lee-county-repairs.html","Sell Fast in Lee County With Major Repairs | As-Is","situation","100","1220","45","4",""
"/lee-county-urgent-sale.html","Sell Fast in Lee County on a Tight Timeline","situation","100","1200","45","2",""
"/lee-county-vacant-home.html","Sell Vacant House Fast in Lee County","situation","100","1189","45","3",""
"/lee-county.html","Sell My Home Fast in Lee County, FL | As-Is Sale Options","location hub","100","2106","62","34",""
"/leon-county-commercial-properties.html","We Buy Commercial Property in Leon County, FL | Multi-Family and More","situation","86","1426","47","9","Title length; Meta description length"
"/leon-county-divorce.html","Sell Fast in Leon County During Divorce","situation","100","1208","46","2",""
"/leon-county-foreclosure.html","Sell Fast in Leon County Before Foreclosure","situation","100","1233","46","3",""
"/leon-county-inherited-property.html","Sell Inherited House Fast in Leon County","situation","100","1221","46","3",""
"/leon-county-probate.html","Sell Probate House Fast in Leon County","situation","100","1206","46","2",""
"/leon-county-rental.html","Sell Rental Fast in Leon County | Landlord Exit","situation","100","1227","46","3",""
"/leon-county-repairs.html","Sell Fast in Leon County With Major Repairs | As-Is","situation","100","1251","46","3",""
"/leon-county-urgent-sale.html","Sell Fast in Leon County on a Tight Timeline","situation","100","1230","46","2",""
"/leon-county-vacant-home.html","Sell Vacant House Fast in Leon County","situation","100","1220","46","2",""
"/leon-county.html","Sell My Home Fast in Leon County, FL | As-Is Sale Options","location hub","100","2109","63","26",""
"/levy-county-commercial-properties.html","We Buy Commercial Property in Levy County, FL | Multi-Family and More","situation","86","1370","45","2","Title length; Meta description length"
"/levy-county-divorce.html","Sell Fast in Levy County During Divorce","situation","100","1156","44","2",""
"/levy-county-foreclosure.html","Sell Fast in Levy County Before Foreclosure","situation","100","1181","44","2",""
"/levy-county-inherited-property.html","Sell Inherited House Fast in Levy County","situation","100","1169","44","2",""
"/levy-county-probate.html","Sell Probate House Fast in Levy County","situation","100","1154","44","2",""
"/levy-county-rental.html","Sell Rental Fast in Levy County | Landlord Exit","situation","100","1171","44","2",""
"/levy-county-repairs.html","Sell Fast in Levy County With Major Repairs | As-Is","situation","100","1197","44","2",""
"/levy-county-urgent-sale.html","Sell Fast in Levy County on a Tight Timeline","situation","100","1178","44","2",""
"/levy-county-vacant-home.html","Sell Vacant House Fast in Levy County","situation","100","1166","44","2",""
"/levy-county.html","Sell My Home Fast in Levy County, FL | As-Is Sale Options","location hub","100","2048","61","19",""
"/liberty-county-commercial-properties.html","We Buy Commercial Property in Liberty County, FL | Multi-Family and More","situation","86","1370","45","2","Title length; Meta description length"
"/liberty-county-divorce.html","Sell Fast in Liberty County During Divorce","situation","100","1159","44","2",""
"/liberty-county-foreclosure.html","Sell Fast in Liberty County Before Foreclosure","situation","100","1184","44","2",""
"/liberty-county-inherited-property.html","Sell Inherited House Fast in Liberty County","situation","100","1172","44","2",""
"/liberty-county-probate.html","Sell Probate House Fast in Liberty County","situation","100","1157","44","2",""
"/liberty-county-rental.html","Sell Rental Fast in Liberty County | Landlord Exit","situation","100","1174","44","2",""
"/liberty-county-repairs.html","Sell Fast in Liberty County With Major Repairs | As-Is","situation","100","1200","44","2",""
"/liberty-county-urgent-sale.html","Sell Fast in Liberty County on a Tight Timeline","situation","100","1181","44","2",""
"/liberty-county-vacant-home.html","Sell Vacant House Fast in Liberty County","situation","100","1169","44","2",""
"/liberty-county.html","Sell My Home Fast in Liberty County, FL | As-Is Sale Options","location hub","100","2043","61","19",""
"/madison-county-commercial-properties.html","We Buy Commercial Property in Madison County, FL | Multi-Family and More","situation","86","1370","45","2","Title length; Meta description length"
"/madison-county-divorce.html","Sell Fast in Madison County During Divorce","situation","100","1156","44","2",""
"/madison-county-foreclosure.html","Sell Fast in Madison County Before Foreclosure","situation","100","1181","44","2",""
"/madison-county-inherited-property.html","Sell Inherited House Fast in Madison County","situation","100","1169","44","2",""
"/madison-county-probate.html","Sell Probate House Fast in Madison County","situation","100","1154","44","2",""
"/madison-county-rental.html","Sell Rental Fast in Madison County | Landlord Exit","situation","100","1171","44","2",""
"/madison-county-repairs.html","Sell Fast in Madison County With Major Repairs | As-Is","situation","100","1197","44","2",""
"/madison-county-urgent-sale.html","Sell Fast in Madison County on a Tight Timeline","situation","100","1178","44","2",""
"/madison-county-vacant-home.html","Sell Vacant House Fast in Madison County","situation","100","1166","44","2",""
"/madison-county.html","Sell My Home Fast in Madison County, FL | As-Is Sale Options","location hub","100","2048","61","19",""
"/major-repairs-needed-counties.html","Major Repairs Needed by County | Florida Seller Pages","location hub","100","2101","110","70",""
"/major-repairs-needed.html","Sell a Florida House with Major Repairs | 2026 As-Is Guide","situation","100","796","35","142",""
"/major-repairs-story.html","Major Repairs Seller Story Template | Florida Cash House Buyers","story","100","558","32","3",""
"/manatee-county-commercial-properties.html","We Buy Commercial Property in Manatee County, FL | Multi-Family and More","situation","86","1370","45","8","Title length; Meta description length"
"/manatee-county-divorce.html","Sell Fast in Manatee County During Divorce","situation","100","1202","46","2",""
"/manatee-county-foreclosure.html","Sell Fast in Manatee County Before Foreclosure","situation","100","1227","46","2",""
"/manatee-county-inherited-property.html","Sell Inherited House Fast in Manatee County","situation","100","1215","46","2",""
"/manatee-county-probate.html","Sell Probate House Fast in Manatee County","situation","100","1200","46","2",""
"/manatee-county-rental.html","Sell Rental Fast in Manatee County | Landlord Exit","situation","100","1221","46","2",""
"/manatee-county-repairs.html","Sell Fast in Manatee County With Major Repairs | As-Is","situation","100","1245","46","2",""
"/manatee-county-urgent-sale.html","Sell Fast in Manatee County on a Tight Timeline","situation","100","1224","46","2",""
"/manatee-county-vacant-home.html","Sell Vacant House Fast in Manatee County","situation","100","1214","46","2",""
"/manatee-county.html","Sell My Home Fast in Manatee County, FL | As-Is Sale Options","location hub","100","2130","63","25",""
"/marion-county-commercial-properties.html","We Buy Commercial Property in Marion County, FL | Multi-Family and More","situation","86","1370","45","13","Title length; Meta description length"
"/marion-county-divorce.html","Sell Fast in Marion County During Divorce","situation","100","1202","45","6",""
"/marion-county-foreclosure.html","Sell Fast in Marion County Before Foreclosure","situation","100","1227","45","6",""
"/marion-county-inherited-property.html","Sell Inherited House Fast in Marion County","situation","100","1215","45","7",""
"/marion-county-probate.html","Sell Probate House Fast in Marion County","situation","100","1200","45","8",""
"/marion-county-rental.html","Sell Rental Fast in Marion County | Landlord Exit","situation","100","1219","45","6",""
"/marion-county-repairs.html","Sell Fast in Marion County With Major Repairs | As-Is","situation","100","1244","45","6",""
"/marion-county-urgent-sale.html","Sell Fast in Marion County on a Tight Timeline","situation","100","1224","45","6",""
"/marion-county-vacant-home.html","Sell Vacant House Fast in Marion County","situation","100","1213","45","7",""
"/marion-county.html","Sell My Home Fast in Marion County, FL | As-Is Sale Options","location hub","100","2128","62","30",""
"/martin-county-commercial-properties.html","We Buy Commercial Property in Martin County, FL | Multi-Family and More","situation","86","1367","45","16","Title length; Meta description length"
"/martin-county-divorce.html","Sell Fast in Martin County During Divorce","situation","100","1185","45","2",""
"/martin-county-foreclosure.html","Sell Fast in Martin County Before Foreclosure","situation","100","1210","45","2",""
"/martin-county-inherited-property.html","Sell Inherited House Fast in Martin County","situation","100","1198","45","2",""
"/martin-county-probate.html","Sell Probate House Fast in Martin County","situation","100","1183","45","2",""
"/martin-county-rental.html","Sell Rental Fast in Martin County | Landlord Exit","situation","100","1202","45","2",""
"/martin-county-repairs.html","Sell Fast in Martin County With Major Repairs | As-Is","situation","100","1227","45","2",""
"/martin-county-urgent-sale.html","Sell Fast in Martin County on a Tight Timeline","situation","100","1207","45","2",""
"/martin-county-vacant-home.html","Sell Vacant House Fast in Martin County","situation","100","1196","45","2",""
"/martin-county.html","Sell My Home Fast in Martin County, FL | As-Is Sale Options","location hub","100","2108","62","29",""
"/melbourne-commercial-properties.html","We Buy Commercial Property in Melbourne, FL | Multi-Family and More","location","93","1278","47","4","Meta description length"
"/melbourne.html","Sell My House Fast in Melbourne, FL | Cash Buyer","location","100","1833","53","11",""
"/miami-commercial-properties.html","We Buy Commercial Property in Miami, FL | Multi-Family and More","location","93","1282","47","6","Meta description length"
"/miami-dade-county-commercial-properties.html","We Buy Commercial Property in Miami-Dade County, FL | Multi-Family and More","situation","86","1423","47","15","Title length; Meta description length"
"/miami-dade-county-divorce.html","Sell Fast in Miami-Dade County During Divorce","situation","100","1184","45","2",""
"/miami-dade-county-foreclosure.html","Sell Fast in Miami-Dade County Before Foreclosure","situation","100","1209","45","4",""
"/miami-dade-county-inherited-property.html","Sell Inherited House Fast in Miami-Dade County","situation","100","1197","45","3",""
"/miami-dade-county-probate.html","Sell Probate House Fast in Miami-Dade County","situation","100","1182","45","3",""
"/miami-dade-county-rental.html","Sell Rental Fast in Miami-Dade County | Landlord Exit","situation","100","1201","45","5",""
"/miami-dade-county-repairs.html","Sell Fast in Miami-Dade County With Major Repairs | As-Is","situation","100","1226","45","3",""
"/miami-dade-county-urgent-sale.html","Sell Fast in Miami-Dade County on a Tight Timeline","situation","100","1206","45","2",""
"/miami-dade-county-vacant-home.html","Sell Vacant House Fast in Miami-Dade County","situation","100","1195","45","2",""
"/miami-dade-county.html","Sell My Home Fast in Miami-Dade County, FL | As-Is Sale Options","location hub","100","2106","62","32",""
"/miami.html","Sell My House Fast in Miami, FL | Cash Buyer Guide","location","100","1827","53","762",""
"/monroe-county-commercial-properties.html","We Buy Commercial Property in Monroe County, FL | Multi-Family and More","situation","86","1367","45","2","Title length; Meta description length"
"/monroe-county-divorce.html","Sell Fast in Monroe County During Divorce","situation","100","1185","45","2",""
"/monroe-county-foreclosure.html","Sell Fast in Monroe County Before Foreclosure","situation","100","1210","45","2",""
"/monroe-county-inherited-property.html","Sell Inherited House Fast in Monroe County","situation","100","1198","45","2",""
"/monroe-county-probate.html","Sell Probate House Fast in Monroe County","situation","100","1183","45","2",""
"/monroe-county-rental.html","Sell Rental Fast in Monroe County | Landlord Exit","situation","100","1202","45","2",""
"/monroe-county-repairs.html","Sell Fast in Monroe County With Major Repairs | As-Is","situation","100","1227","45","2",""
"/monroe-county-urgent-sale.html","Sell Fast in Monroe County on a Tight Timeline","situation","100","1207","45","2",""
"/monroe-county-vacant-home.html","Sell Vacant House Fast in Monroe County","situation","100","1196","45","2",""
"/monroe-county.html","Sell My Home Fast in Monroe County, FL | As-Is Sale Options","location hub","100","2108","62","19",""
"/nassau-county-commercial-properties.html","We Buy Commercial Property in Nassau County, FL | Multi-Family and More","situation","86","1370","45","6","Title length; Meta description length"
"/nassau-county-divorce.html","Sell Fast in Nassau County During Divorce","situation","100","1181","45","2",""
"/nassau-county-foreclosure.html","Sell Fast in Nassau County Before Foreclosure","situation","100","1206","45","2",""
"/nassau-county-inherited-property.html","Sell Inherited House Fast in Nassau County","situation","100","1194","45","2",""
"/nassau-county-probate.html","Sell Probate House Fast in Nassau County","situation","100","1179","45","2",""
"/nassau-county-rental.html","Sell Rental Fast in Nassau County | Landlord Exit","situation","100","1198","45","2",""
"/nassau-county-repairs.html","Sell Fast in Nassau County With Major Repairs | As-Is","situation","100","1223","45","2",""
"/nassau-county-urgent-sale.html","Sell Fast in Nassau County on a Tight Timeline","situation","100","1203","45","2",""
"/nassau-county-vacant-home.html","Sell Vacant House Fast in Nassau County","situation","100","1192","45","2",""
"/nassau-county.html","Sell My Home Fast in Nassau County, FL | As-Is Sale Options","location hub","100","2090","62","19",""
"/north-florida.html","Sell My House Fast in North Florida | Cash Buyer Guide","location hub","100","1658","82","817",""
"/okaloosa-county-commercial-properties.html","We Buy Commercial Property in Okaloosa County, FL | Multi-Family and More","situation","86","1370","45","2","Title length; Meta description length"
"/okaloosa-county-divorce.html","Sell Fast in Okaloosa County During Divorce","situation","100","1159","44","2",""
"/okaloosa-county-foreclosure.html","Sell Fast in Okaloosa County Before Foreclosure","situation","100","1184","44","2",""
"/okaloosa-county-inherited-property.html","Sell Inherited House Fast in Okaloosa County","situation","100","1172","44","2",""
"/okaloosa-county-probate.html","Sell Probate House Fast in Okaloosa County","situation","100","1157","44","2",""
"/okaloosa-county-rental.html","Sell Rental Fast in Okaloosa County | Landlord Exit","situation","100","1174","44","2",""
"/okaloosa-county-repairs.html","Sell Fast in Okaloosa County With Major Repairs | As-Is","situation","100","1200","44","2",""
"/okaloosa-county-urgent-sale.html","Sell Fast in Okaloosa County on a Tight Timeline","situation","100","1181","44","2",""
"/okaloosa-county-vacant-home.html","Sell Vacant House Fast in Okaloosa County","situation","100","1169","44","2",""
"/okaloosa-county.html","Sell My Home Fast in Okaloosa County, FL | As-Is Sale Options","location hub","100","2043","61","19",""
"/okeechobee-county-commercial-properties.html","We Buy Commercial Property in Okeechobee County, FL | Multi-Family and More","situation","86","1367","45","2","Title length; Meta description length"
"/okeechobee-county-divorce.html","Sell Fast in Okeechobee County During Divorce","situation","100","1160","44","2",""
"/okeechobee-county-foreclosure.html","Sell Fast in Okeechobee County Before Foreclosure","situation","100","1185","44","2",""
"/okeechobee-county-inherited-property.html","Sell Inherited House Fast in Okeechobee County","situation","100","1173","44","2",""
"/okeechobee-county-probate.html","Sell Probate House Fast in Okeechobee County","situation","100","1158","44","2",""
"/okeechobee-county-rental.html","Sell Rental Fast in Okeechobee County | Landlord Exit","situation","100","1175","44","2",""
"/okeechobee-county-repairs.html","Sell Fast in Okeechobee County With Major Repairs | As-Is","situation","100","1201","44","2",""
"/okeechobee-county-urgent-sale.html","Sell Fast in Okeechobee County on a Tight Timeline","situation","100","1182","44","2",""
"/okeechobee-county-vacant-home.html","Sell Vacant House Fast in Okeechobee County","situation","100","1170","44","2",""
"/okeechobee-county.html","Sell My Home Fast in Okeechobee County, FL | As-Is Sale Options","location hub","100","2066","61","19",""
"/orange-county-commercial-properties.html","We Buy Commercial Property in Orange County, FL | Multi-Family and More","situation","86","1426","47","22","Title length; Meta description length"
"/orange-county-divorce.html","Sell Fast in Orange County During Divorce","situation","100","1226","46","4",""
"/orange-county-foreclosure.html","Sell Fast in Orange County Before Foreclosure","situation","100","1251","46","5",""
"/orange-county-inherited-property.html","Sell Inherited House Fast in Orange County","situation","100","1239","46","6",""
"/orange-county-probate.html","Sell Probate House Fast in Orange County","situation","100","1224","46","4",""
"/orange-county-rental.html","Sell Rental Fast in Orange County | Landlord Exit","situation","100","1245","46","5",""
"/orange-county-repairs.html","Sell Fast in Orange County With Major Repairs | As-Is","situation","100","1269","46","6",""
"/orange-county-urgent-sale.html","Sell Fast in Orange County on a Tight Timeline","situation","100","1248","46","4",""
"/orange-county-vacant-home.html","Sell Vacant House Fast in Orange County","situation","100","1238","46","4",""
"/orange-county.html","Sell My Home Fast in Orange County, FL | As-Is Sale Options","location hub","100","2152","63","41",""
"/orlando-commercial-properties.html","We Buy Commercial Property in Orlando, FL | Multi-Family and More","location","93","1278","47","8","Meta description length"
"/orlando.html","Sell My House Fast in Orlando, FL | Cash Buyer Guide","location","100","1837","53","770",""
"/osceola-county-commercial-properties.html","We Buy Commercial Property in Osceola County, FL | Multi-Family and More","situation","86","1426","47","17","Title length; Meta description length"
"/osceola-county-divorce.html","Sell Fast in Osceola County During Divorce","situation","100","1226","46","3",""
"/osceola-county-foreclosure.html","Sell Fast in Osceola County Before Foreclosure","situation","100","1251","46","4",""
"/osceola-county-inherited-property.html","Sell Inherited House Fast in Osceola County","situation","100","1239","46","3",""
"/osceola-county-probate.html","Sell Probate House Fast in Osceola County","situation","100","1224","46","2",""
"/osceola-county-rental.html","Sell Rental Fast in Osceola County | Landlord Exit","situation","100","1245","46","4",""
"/osceola-county-repairs.html","Sell Fast in Osceola County With Major Repairs | As-Is","situation","100","1269","46","3",""
"/osceola-county-urgent-sale.html","Sell Fast in Osceola County on a Tight Timeline","situation","100","1248","46","3",""
"/osceola-county-vacant-home.html","Sell Vacant House Fast in Osceola County","situation","100","1238","46","2",""
"/osceola-county.html","Sell My Home Fast in Osceola County, FL | As-Is Sale Options","location hub","100","2152","63","32",""
"/palm-beach-county-commercial-properties.html","We Buy Commercial Property in Palm Beach County, FL | Multi-Family and More","situation","86","1461","47","9","Title length; Meta description length"
"/palm-beach-county-divorce.html","Sell Fast in Palm Beach County During Divorce","situation","100","1236","46","3",""
"/palm-beach-county-foreclosure.html","Sell Fast in Palm Beach County Before Foreclosure","situation","100","1261","46","3",""
"/palm-beach-county-inherited-property.html","Sell Inherited House Fast in Palm Beach County","situation","100","1249","46","4",""
"/palm-beach-county-probate.html","Sell Probate House Fast in Palm Beach County","situation","100","1234","46","4",""
"/palm-beach-county-rental.html","Sell Rental Fast in Palm Beach County | Landlord Exit","situation","100","1255","46","3",""
"/palm-beach-county-repairs.html","Sell Fast in Palm Beach County With Major Repairs | As-Is","situation","100","1279","46","3",""
"/palm-beach-county-urgent-sale.html","Sell Fast in Palm Beach County on a Tight Timeline","situation","100","1258","46","2",""
"/palm-beach-county-vacant-home.html","Sell Vacant House Fast in Palm Beach County","situation","100","1248","46","2",""
"/palm-beach-county.html","Sell My Home Fast in Palm Beach County, FL | As-Is Sale Options","location hub","100","2201","63","26",""
"/pasco-county-commercial-properties.html","We Buy Commercial Property in Pasco County, FL | Multi-Family and More","situation","86","1370","45","2","Title length; Meta description length"
"/pasco-county-divorce.html","Sell Fast in Pasco County During Divorce","situation","100","1202","45","2",""
"/pasco-county-foreclosure.html","Sell Fast in Pasco County Before Foreclosure","situation","100","1227","45","2",""
"/pasco-county-inherited-property.html","Sell Inherited House Fast in Pasco County","situation","100","1215","45","3",""
"/pasco-county-probate.html","Sell Probate House Fast in Pasco County","situation","100","1200","45","3",""
"/pasco-county-rental.html","Sell Rental Fast in Pasco County | Landlord Exit","situation","100","1219","45","2",""
"/pasco-county-repairs.html","Sell Fast in Pasco County With Major Repairs | As-Is","situation","100","1244","45","2",""
"/pasco-county-urgent-sale.html","Sell Fast in Pasco County on a Tight Timeline","situation","100","1224","45","2",""
"/pasco-county-vacant-home.html","Sell Vacant House Fast in Pasco County","situation","100","1213","45","3",""
"/pasco-county.html","Sell My Home Fast in Pasco County, FL | As-Is Sale Options","location hub","100","2128","62","20",""
"/pensacola-commercial-properties.html","We Buy Commercial Property in Pensacola, FL | Multi-Family and More","location","93","1278","47","4","Meta description length"
"/pensacola.html","Sell My House Fast in Pensacola, FL | Cash Buyer","location","100","1829","53","11",""
"/pinellas-county-commercial-properties.html","We Buy Commercial Property in Pinellas County, FL | Multi-Family and More","situation","86","1429","47","9","Title length; Meta description length"
"/pinellas-county-divorce.html","Sell Fast in Pinellas County During Divorce","situation","100","1178","45","3",""
"/pinellas-county-foreclosure.html","Sell Fast in Pinellas County Before Foreclosure","situation","100","1203","45","4",""
"/pinellas-county-inherited-property.html","Sell Inherited House Fast in Pinellas County","situation","100","1191","45","3",""
"/pinellas-county-probate.html","Sell Probate House Fast in Pinellas County","situation","100","1176","45","2",""
"/pinellas-county-rental.html","Sell Rental Fast in Pinellas County | Landlord Exit","situation","100","1195","45","4",""
"/pinellas-county-repairs.html","Sell Fast in Pinellas County With Major Repairs | As-Is","situation","100","1220","45","4",""
"/pinellas-county-urgent-sale.html","Sell Fast in Pinellas County on a Tight Timeline","situation","100","1200","45","3",""
"/pinellas-county-vacant-home.html","Sell Vacant House Fast in Pinellas County","situation","100","1189","45","2",""
"/pinellas-county.html","Sell My Home Fast in Pinellas County, FL | As-Is Sale Options","location hub","100","2106","62","26",""
"/polk-county-commercial-properties.html","We Buy Commercial Property in Polk County, FL | Multi-Family and More","situation","86","1426","47","8","Title length; Meta description length"
"/polk-county-divorce.html","Sell Fast in Polk County During Divorce","situation","100","1226","46","3",""
"/polk-county-foreclosure.html","Sell Fast in Polk County Before Foreclosure","situation","100","1251","46","4",""
"/polk-county-inherited-property.html","Sell Inherited House Fast in Polk County","situation","100","1239","46","3",""
"/polk-county-probate.html","Sell Probate House Fast in Polk County","situation","100","1224","46","2",""
"/polk-county-rental.html","Sell Rental Fast in Polk County | Landlord Exit","situation","100","1245","46","4",""
"/polk-county-repairs.html","Sell Fast in Polk County With Major Repairs | As-Is","situation","100","1269","46","4",""
"/polk-county-urgent-sale.html","Sell Fast in Polk County on a Tight Timeline","situation","100","1248","46","3",""
"/polk-county-vacant-home.html","Sell Vacant House Fast in Polk County","situation","100","1238","46","2",""
"/polk-county.html","Sell My Home Fast in Polk County, FL | As-Is Sale Options","location hub","100","2152","63","23",""
"/port-st-lucie-commercial-properties.html","We Buy Commercial Property in Port St Lucie, FL | Multi-Family and More","location","86","1358","47","4","Title length; Meta description length"
"/port-st-lucie.html","Sell My House Fast in Port St. Lucie, FL | Cash Buyer","location","100","1950","53","11",""
"/probate-complexity-counties.html","Probate Complexity by County | Florida Seller Pages","location hub","100","2089","110","70",""
"/probate-complexity-story.html","Probate Seller Story Template | Florida Cash House Buyers","story","100","536","32","1",""
"/probate-complexity.html","Sell My Inherited House Fast in Florida | Complete Probate Guide","situation","100","884","35","142",""
"/putnam-county-commercial-properties.html","We Buy Commercial Property in Putnam County, FL | Multi-Family and More","situation","86","1370","45","2","Title length; Meta description length"
"/putnam-county-divorce.html","Sell Fast in Putnam County During Divorce","situation","100","1156","44","2",""
"/putnam-county-foreclosure.html","Sell Fast in Putnam County Before Foreclosure","situation","100","1181","44","2",""
"/putnam-county-inherited-property.html","Sell Inherited House Fast in Putnam County","situation","100","1169","44","2",""
"/putnam-county-probate.html","Sell Probate House Fast in Putnam County","situation","100","1154","44","2",""
"/putnam-county-rental.html","Sell Rental Fast in Putnam County | Landlord Exit","situation","100","1171","44","2",""
"/putnam-county-repairs.html","Sell Fast in Putnam County With Major Repairs | As-Is","situation","100","1197","44","2",""
"/putnam-county-urgent-sale.html","Sell Fast in Putnam County on a Tight Timeline","situation","100","1178","44","2",""
"/putnam-county-vacant-home.html","Sell Vacant House Fast in Putnam County","situation","100","1166","44","2",""
"/putnam-county.html","Sell My Home Fast in Putnam County, FL | As-Is Sale Options","location hub","100","2048","61","19",""
"/relocating-from-florida.html","Relocating from Florida? | Sell Your House in 7 Days & Move Fast","location","100","532","30","0",""
"/santa-rosa-county-commercial-properties.html","We Buy Commercial Property in Santa Rosa County, FL | Multi-Family and More","situation","86","1401","45","2","Title length; Meta description length"
"/santa-rosa-county-divorce.html","Sell Fast in Santa Rosa County During Divorce","situation","100","1184","44","2",""
"/santa-rosa-county-foreclosure.html","Sell Fast in Santa Rosa County Before Foreclosure","situation","100","1209","44","2",""
"/santa-rosa-county-inherited-property.html","Sell Inherited House Fast in Santa Rosa County","situation","100","1197","44","2",""
"/santa-rosa-county-probate.html","Sell Probate House Fast in Santa Rosa County","situation","100","1182","44","2",""
"/santa-rosa-county-rental.html","Sell Rental Fast in Santa Rosa County | Landlord Exit","situation","100","1199","44","2",""
"/santa-rosa-county-repairs.html","Sell Fast in Santa Rosa County With Major Repairs | As-Is","situation","100","1225","44","2",""
"/santa-rosa-county-urgent-sale.html","Sell Fast in Santa Rosa County on a Tight Timeline","situation","100","1206","44","2",""
"/santa-rosa-county-vacant-home.html","Sell Vacant House Fast in Santa Rosa County","situation","100","1194","44","2",""
"/santa-rosa-county.html","Sell My Home Fast in Santa Rosa County, FL | As-Is Sale Options","location hub","100","2105","61","19",""
"/sarasota-commercial-properties.html","We Buy Commercial Property in Sarasota, FL | Multi-Family and More","location","93","1304","48","5","Meta description length"
"/sarasota-county-commercial-properties.html","We Buy Commercial Property in Sarasota County, FL | Multi-Family and More","situation","86","1426","47","9","Title length; Meta description length"
"/sarasota-county-divorce.html","Sell Fast in Sarasota County During Divorce","situation","100","1202","46","2",""
"/sarasota-county-foreclosure.html","Sell Fast in Sarasota County Before Foreclosure","situation","100","1227","46","3",""
"/sarasota-county-inherited-property.html","Sell Inherited House Fast in Sarasota County","situation","100","1215","46","3",""
"/sarasota-county-probate.html","Sell Probate House Fast in Sarasota County","situation","100","1200","46","2",""
"/sarasota-county-rental.html","Sell Rental Fast in Sarasota County | Landlord Exit","situation","100","1221","46","3",""
"/sarasota-county-repairs.html","Sell Fast in Sarasota County With Major Repairs | As-Is","situation","100","1245","46","3",""
"/sarasota-county-urgent-sale.html","Sell Fast in Sarasota County on a Tight Timeline","situation","100","1224","46","2",""
"/sarasota-county-vacant-home.html","Sell Vacant House Fast in Sarasota County","situation","100","1214","46","4",""
"/sarasota-county.html","Sell My Home Fast in Sarasota County, FL | As-Is Sale Options","location hub","100","2130","63","26",""
"/sarasota.html","Sell My House Fast in Sarasota, FL | Cash Buyer","location","100","1859","54","22",""
"/sell-house-fast-before-relocating-miami-miami-dade-county.html","How to Sell a House Fast Before Relocating in Miami and Miami-Dade County | By Samuel","location hub","86","278","8","0","Title length; Content depth"
"/sell-house-fast-with-major-repairs-orlando-orange-county.html","How to Sell a House Fast With Major Repairs in Orlando and Orange County | By Samuel","situation","93","810","34","0","Title length"
"/sell-inherited-house-fast-orlando-orange-county.html","How to Sell an Inherited House Fast in Orlando and Orange County | By Samuel","location hub","93","848","36","735","Title length"
"/seminole-county-commercial-properties.html","We Buy Commercial Property in Seminole County, FL | Multi-Family and More","situation","86","1370","45","8","Title length; Meta description length"
"/seminole-county-divorce.html","Sell Fast in Seminole County During Divorce","situation","100","1202","45","2",""
"/seminole-county-foreclosure.html","Sell Fast in Seminole County Before Foreclosure","situation","100","1227","45","2",""
"/seminole-county-inherited-property.html","Sell Inherited House Fast in Seminole County","situation","100","1215","45","2",""
"/seminole-county-probate.html","Sell a Probate House in Seminole County, FL | Cash Offer","situation","93","1334","45","2","Meta description length"
"/seminole-county-rental.html","Sell Rental Fast in Seminole County | Landlord Exit","situation","100","1219","45","2",""
"/seminole-county-repairs.html","Sell Fast in Seminole County With Major Repairs | As-Is","situation","100","1244","45","2",""
"/seminole-county-urgent-sale.html","Sell Fast in Seminole County on a Tight Timeline","situation","100","1224","45","2",""
"/seminole-county-vacant-home.html","Sell Vacant House Fast in Seminole County","situation","100","1213","45","2",""
"/seminole-county.html","Sell My Home Fast in Seminole County, FL | As-Is Sale Options","location hub","100","2128","62","25",""
"/service-areas.html","Florida Service Areas | Florida Cash House Buyers","location hub","100","484","40","1501",""
"/situations.html","Seller Situations | Florida Cash House Buyers","location","100","878","51","2255",""
"/south-florida.html","Sell My House Fast in South Florida | Cash Buyer Guide","location hub","100","1301","62","809",""
"/st-johns-county-commercial-properties.html","We Buy Commercial Property in St. Johns County, FL | Multi-Family and More","situation","86","1401","45","2","Title length; Meta description length"
"/st-johns-county-divorce.html","Sell Fast in St. Johns County During Divorce","situation","100","1206","45","2",""
"/st-johns-county-foreclosure.html","Sell Fast in St. Johns County Before Foreclosure","situation","100","1231","45","2",""
"/st-johns-county-inherited-property.html","Sell Inherited House Fast in St. Johns County","situation","100","1219","45","2",""
"/st-johns-county-probate.html","Sell Probate House Fast in St. Johns County","situation","100","1204","45","2",""
"/st-johns-county-rental.html","Sell Rental Fast in St. Johns County | Landlord Exit","situation","100","1223","45","2",""
"/st-johns-county-repairs.html","Sell Fast in St. Johns County With Major Repairs | As-Is","situation","100","1248","45","2",""
"/st-johns-county-urgent-sale.html","Sell Fast in St. Johns County on a Tight Timeline","situation","100","1228","45","2",""
"/st-johns-county-vacant-home.html","Sell Vacant House Fast in St. Johns County","situation","100","1217","45","2",""
"/st-johns-county.html","Sell My Home Fast in St. Johns County, FL | As-Is Sale Options","location hub","100","2154","62","19",""
"/st-lucie-county-commercial-properties.html","We Buy Commercial Property in St. Lucie County, FL | Multi-Family and More","situation","86","1461","47","9","Title length; Meta description length"
"/st-lucie-county-divorce.html","Sell Fast in St. Lucie County During Divorce","situation","100","1236","46","2",""
"/st-lucie-county-foreclosure.html","Sell Fast in St. Lucie County Before Foreclosure","situation","100","1261","46","3",""
"/st-lucie-county-inherited-property.html","Sell Inherited House Fast in St. Lucie County","situation","100","1249","46","3",""
"/st-lucie-county-probate.html","Sell Probate House Fast in St. Lucie County","situation","100","1234","46","2",""
"/st-lucie-county-rental.html","Sell Rental Fast in St. Lucie County | Landlord Exit","situation","100","1255","46","3",""
"/st-lucie-county-repairs.html","Sell Fast in St. Lucie County With Major Repairs | As-Is","situation","100","1279","46","3",""
"/st-lucie-county-urgent-sale.html","Sell Fast in St. Lucie County on a Tight Timeline","situation","100","1258","46","2",""
"/st-lucie-county-vacant-home.html","Sell Vacant House Fast in St. Lucie County","situation","100","1248","46","2",""
"/st-lucie-county.html","Sell My Home Fast in St. Lucie County, FL | As-Is Sale Options","location hub","100","2201","63","26",""
"/st-petersburg-commercial-properties.html","We Buy Commercial Property in St Petersburg, FL | Multi-Family and More","location","86","1311","47","6","Title length; Meta description length"
"/st-petersburg.html","Sell My House Fast in St. Petersburg, FL | Cash Buyer Guide","location","100","1861","53","762",""
"/stop-foreclosure-fast-pembroke-pines-broward-county.html","How to Stop Foreclosure Fast in Pembroke Pines and Broward County | By Samuel","situation","93","630","11","0","Title length"
"/success-stories.html","Success Story Templates | Florida Cash House Buyers","story","100","414","38","757",""
"/sumter-county-commercial-properties.html","We Buy Commercial Property in Sumter County, FL | Multi-Family and More","situation","86","1370","45","2","Title length; Meta description length"
"/sumter-county-divorce.html","Sell Fast in Sumter County During Divorce","situation","100","1202","45","2",""
"/sumter-county-foreclosure.html","Sell Fast in Sumter County Before Foreclosure","situation","100","1227","45","2",""
"/sumter-county-inherited-property.html","Sell Inherited House Fast in Sumter County","situation","100","1215","45","2",""
"/sumter-county-probate.html","Sell Probate House Fast in Sumter County","situation","100","1200","45","2",""
"/sumter-county-rental.html","Sell Rental Fast in Sumter County | Landlord Exit","situation","100","1219","45","2",""
"/sumter-county-repairs.html","Sell Fast in Sumter County With Major Repairs | As-Is","situation","100","1244","45","2",""
"/sumter-county-urgent-sale.html","Sell Fast in Sumter County on a Tight Timeline","situation","100","1224","45","2",""
"/sumter-county-vacant-home.html","Sell Vacant House Fast in Sumter County","situation","100","1213","45","2",""
"/sumter-county.html","Sell My Home Fast in Sumter County, FL | As-Is Sale Options","location hub","100","2128","62","19",""
"/suwannee-county-commercial-properties.html","We Buy Commercial Property in Suwannee County, FL | Multi-Family and More","situation","86","1370","45","2","Title length; Meta description length"
"/suwannee-county-divorce.html","Sell Fast in Suwannee County During Divorce","situation","100","1156","44","2",""
"/suwannee-county-foreclosure.html","Sell Fast in Suwannee County Before Foreclosure","situation","100","1181","44","2",""
"/suwannee-county-inherited-property.html","Sell Inherited House Fast in Suwannee County","situation","100","1169","44","2",""
"/suwannee-county-probate.html","Sell Probate House Fast in Suwannee County","situation","100","1154","44","2",""
"/suwannee-county-rental.html","Sell Rental Fast in Suwannee County | Landlord Exit","situation","100","1171","44","2",""
"/suwannee-county-repairs.html","Sell Fast in Suwannee County With Major Repairs | As-Is","situation","100","1197","44","2",""
"/suwannee-county-urgent-sale.html","Sell Fast in Suwannee County on a Tight Timeline","situation","100","1178","44","2",""
"/suwannee-county-vacant-home.html","Sell Vacant House Fast in Suwannee County","situation","100","1166","44","2",""
"/suwannee-county.html","Sell My Home Fast in Suwannee County, FL | As-Is Sale Options","location hub","100","2048","61","19",""
"/tallahassee-commercial-properties.html","We Buy Commercial Property in Tallahassee, FL | Multi-Family and More","location","86","1278","47","5","Title length; Meta description length"
"/tallahassee.html","Sell My House Fast in Tallahassee, FL | Cash Buyer","location","100","1829","53","13",""
"/tampa-commercial-properties.html","We Buy Commercial Property in Tampa, FL | Multi-Family and More","location","93","1280","47","6","Meta description length"
"/tampa.html","Sell My House Fast in Tampa, FL | Cash Buyer Guide","location","100","1824","53","762",""
"/tax-lien-hardship-sale-guide.html","Florida Tax Lien & Hardship Sale Guide | 2026 Property Debt Help","guide","100","628","30","0",""
"/taylor-county-commercial-properties.html","We Buy Commercial Property in Taylor County, FL | Multi-Family and More","situation","86","1370","45","2","Title length; Meta description length"
"/taylor-county-divorce.html","Sell Fast in Taylor County During Divorce","situation","100","1156","44","2",""
"/taylor-county-foreclosure.html","Sell Fast in Taylor County Before Foreclosure","situation","100","1181","44","2",""
"/taylor-county-inherited-property.html","Sell Inherited House Fast in Taylor County","situation","100","1169","44","2",""
"/taylor-county-probate.html","Sell Probate House Fast in Taylor County","situation","100","1154","44","2",""
"/taylor-county-rental.html","Sell Rental Fast in Taylor County | Landlord Exit","situation","100","1171","44","2",""
"/taylor-county-repairs.html","Sell Fast in Taylor County With Major Repairs | As-Is","situation","100","1197","44","2",""
"/taylor-county-urgent-sale.html","Sell Fast in Taylor County on a Tight Timeline","situation","100","1178","44","2",""
"/taylor-county-vacant-home.html","Sell Vacant House Fast in Taylor County","situation","100","1166","44","2",""
"/taylor-county.html","Sell My Home Fast in Taylor County, FL | As-Is Sale Options","location hub","100","2048","61","18",""
"/union-county-commercial-properties.html","We Buy Commercial Property in Union County, FL | Multi-Family and More","situation","86","1370","45","2","Title length; Meta description length"
"/union-county-divorce.html","Sell Fast in Union County During Divorce","situation","100","1156","44","2",""
"/union-county-foreclosure.html","Sell Fast in Union County Before Foreclosure","situation","100","1181","44","2",""
"/union-county-inherited-property.html","Sell Inherited House Fast in Union County","situation","100","1169","44","2",""
"/union-county-probate.html","Sell Probate House Fast in Union County","situation","100","1154","44","2",""
"/union-county-rental.html","Sell Rental Fast in Union County | Landlord Exit","situation","100","1171","44","2",""
"/union-county-repairs.html","Sell Fast in Union County With Major Repairs | As-Is","situation","100","1197","44","2",""
"/union-county-urgent-sale.html","Sell Fast in Union County on a Tight Timeline","situation","100","1178","44","2",""
"/union-county-vacant-home.html","Sell Vacant House Fast in Union County","situation","100","1166","44","2",""
"/union-county.html","Sell My Home Fast in Union County, FL | As-Is Sale Options","location hub","100","2048","61","19",""
"/unwanted-rental-counties.html","Rental or Tenant Issues by County | Florida Seller Pages","location hub","100","2112","110","70",""
"/unwanted-rental-story.html","Rental Exit Seller Story Template | Florida Cash House Buyers","story","100","536","32","1",""
"/unwanted-rental.html","Sell an Occupied Florida Rental | 2026 Landlord Exit Guide","situation","100","640","33","142",""
"/urgent-timeline-counties.html","Urgent Timeline by County | Florida Seller Pages","location hub","100","2083","110","70",""
"/urgent-timeline-story.html","Urgent Sale Seller Story Template | Florida Cash House Buyers","story","100","531","32","1",""
"/urgent-timeline.htm","Redirecting...","situation","57","8","1","0","Title length; Missing meta description; 0 H1 elements; Content depth; Weak internal linking"
"/urgent-timeline.html","Sell a Florida House Fast on an Urgent Timeline | 2026 Guide","situation","100","1182","34","142",""
"/vacant-home-costs-counties.html","Vacant Home Costs by County | Florida Seller Pages","location hub","100","2174","110","70",""
"/vacant-home-costs-story.html","Vacant Home Seller Story Template | Florida Cash House Buyers","story","100","557","32","1",""
"/vacant-home-costs.html","Florida Insurance Crisis 2026 Guide | Vacant Home Costs","situation","93","559","10","142","Meta description length"
"/video-tests.html","Video Motion Tests","location","71","60","2","0","Title length; Content depth; Weak internal linking"
"/volusia-county-commercial-properties.html","We Buy Commercial Property in Volusia County, FL | Multi-Family and More","situation","86","1469","49","10","Title length; Meta description length"
"/volusia-county-divorce.html","Sell Fast in Volusia County During Divorce","situation","100","1251","47","2",""
"/volusia-county-foreclosure.html","Sell Fast in Volusia County Before Foreclosure","situation","100","1276","47","4",""
"/volusia-county-inherited-property.html","Sell Inherited House Fast in Volusia County","situation","100","1264","47","6",""
"/volusia-county-probate.html","Sell Probate House Fast in Volusia County","situation","100","1249","47","3",""
"/volusia-county-rental.html","Sell Rental Fast in Volusia County | Landlord Exit","situation","100","1272","47","4",""
"/volusia-county-repairs.html","Sell Fast in Volusia County With Major Repairs | As-Is","situation","100","1295","47","5",""
"/volusia-county-urgent-sale.html","Sell Fast in Volusia County on a Tight Timeline","situation","100","1273","47","3",""
"/volusia-county-vacant-home.html","Sell Vacant House Fast in Volusia County","situation","100","1264","47","4",""
"/volusia-county.html","Sell My Home Fast in Volusia County, FL | As-Is Sale Options","location hub","100","2178","64","27",""
"/wakulla-county-commercial-properties.html","We Buy Commercial Property in Wakulla County, FL | Multi-Family and More","situation","86","1370","45","2","Title length; Meta description length"
"/wakulla-county-divorce.html","Sell Fast in Wakulla County During Divorce","situation","100","1159","44","2",""
"/wakulla-county-foreclosure.html","Sell Fast in Wakulla County Before Foreclosure","situation","100","1184","44","2",""
"/wakulla-county-inherited-property.html","Sell Inherited House Fast in Wakulla County","situation","100","1172","44","2",""
"/wakulla-county-probate.html","Sell Probate House Fast in Wakulla County","situation","100","1157","44","2",""
"/wakulla-county-rental.html","Sell Rental Fast in Wakulla County | Landlord Exit","situation","100","1174","44","2",""
"/wakulla-county-repairs.html","Sell Fast in Wakulla County With Major Repairs | As-Is","situation","100","1200","44","2",""
"/wakulla-county-urgent-sale.html","Sell Fast in Wakulla County on a Tight Timeline","situation","100","1181","44","2",""
"/wakulla-county-vacant-home.html","Sell Vacant House Fast in Wakulla County","situation","100","1169","44","2",""
"/wakulla-county.html","Sell My Home Fast in Wakulla County, FL | As-Is Sale Options","location hub","100","2043","61","19",""
"/walton-county-commercial-properties.html","We Buy Commercial Property in Walton County, FL | Multi-Family and More","situation","86","1370","45","2","Title length; Meta description length"
"/walton-county-divorce.html","Sell Fast in Walton County During Divorce","situation","100","1159","44","2",""
"/walton-county-foreclosure.html","Sell Fast in Walton County Before Foreclosure","situation","100","1184","44","2",""
"/walton-county-inherited-property.html","Sell Inherited House Fast in Walton County","situation","100","1172","44","2",""
"/walton-county-probate.html","Sell Probate House Fast in Walton County","situation","100","1157","44","2",""
"/walton-county-rental.html","Sell Rental Fast in Walton County | Landlord Exit","situation","100","1174","44","2",""
"/walton-county-repairs.html","Sell Fast in Walton County With Major Repairs | As-Is","situation","100","1200","44","2",""
"/walton-county-urgent-sale.html","Sell Fast in Walton County on a Tight Timeline","situation","100","1181","44","2",""
"/walton-county-vacant-home.html","Sell Vacant House Fast in Walton County","situation","100","1169","44","2",""
"/walton-county.html","Sell My Home Fast in Walton County, FL | As-Is Sale Options","location hub","100","2043","61","19",""
"/washington-county-commercial-properties.html","We Buy Commercial Property in Washington County, FL | Multi-Family and More","situation","86","1370","45","2","Title length; Meta description length"
"/washington-county-divorce.html","Sell Fast in Washington County During Divorce","situation","100","1159","44","2",""
"/washington-county-foreclosure.html","Sell Fast in Washington County Before Foreclosure","situation","100","1184","44","2",""
"/washington-county-inherited-property.html","Sell Inherited House Fast in Washington County","situation","100","1172","44","2",""
"/washington-county-probate.html","Sell Probate House Fast in Washington County","situation","100","1157","44","2",""
"/washington-county-rental.html","Sell Rental Fast in Washington County | Landlord Exit","situation","100","1174","44","2",""
"/washington-county-repairs.html","Sell Fast in Washington County With Major Repairs | As-Is","situation","100","1200","44","2",""
"/washington-county-urgent-sale.html","Sell Fast in Washington County on a Tight Timeline","situation","100","1181","44","2",""
"/washington-county-vacant-home.html","Sell Vacant House Fast in Washington County","situation","100","1169","44","2",""
"/washington-county.html","Sell My Home Fast in Washington County, FL | As-Is Sale Options","location hub","100","2043","61","19",""
"/we-buy-commercial-properties.html","We Buy Commercial Properties in Florida | County and City Pages","location","93","2809","118","971","Meta description length"
"/west-palm-beach-commercial-properties.html","We Buy Commercial Property in West Palm Beach, FL | Multi-Family and More","location","86","1354","47","5","Title length; Meta description length"
"/west-palm-beach.html","Sell My House Fast in West Palm Beach, FL | Cash Buyer","location","100","1938","53","13",""
